--
-- PostgreSQL database dump
--

\restrict C2RMxxgIrEweaVppUjxM9huBuuxkGKfUUd3rYiOLq41MWFWuNItEgAcOlp8DMt6

-- Dumped from database version 17.7 (Debian 17.7-3.pgdg13+1)
-- Dumped by pg_dump version 17.7 (Debian 17.7-3.pgdg13+1)

SET statement_timeout = 0;
SET lock_timeout = 0;
SET idle_in_transaction_session_timeout = 0;
SET transaction_timeout = 0;
SET client_encoding = 'UTF8';
SET standard_conforming_strings = on;
SELECT pg_catalog.set_config('search_path', '', false);
SET check_function_bodies = false;
SET xmloption = content;
SET client_min_messages = warning;
SET row_security = off;

SET default_tablespace = '';

SET default_table_access_method = heap;

--
-- Name: Ingredient; Type: TABLE; Schema: public; Owner: mrc_user
--

CREATE TABLE public."Ingredient" (
    "Id" integer NOT NULL,
    "Name" character varying(200) NOT NULL,
    "Unit" character varying(50) NOT NULL,
    "Amount" double precision NOT NULL
);


ALTER TABLE public."Ingredient" OWNER TO mrc_user;

--
-- Name: Ingredients_Id_seq; Type: SEQUENCE; Schema: public; Owner: mrc_user
--

ALTER TABLE public."Ingredient" ALTER COLUMN "Id" ADD GENERATED BY DEFAULT AS IDENTITY (
    SEQUENCE NAME public."Ingredients_Id_seq"
    START WITH 1
    INCREMENT BY 1
    NO MINVALUE
    NO MAXVALUE
    CACHE 1
);


--
-- Name: Instruction; Type: TABLE; Schema: public; Owner: mrc_user
--

CREATE TABLE public."Instruction" (
    "Id" integer NOT NULL,
    "Text" text NOT NULL,
    "Order" integer NOT NULL,
    "RecipeId" integer NOT NULL
);


ALTER TABLE public."Instruction" OWNER TO mrc_user;

--
-- Name: Instructions_Id_seq; Type: SEQUENCE; Schema: public; Owner: mrc_user
--

ALTER TABLE public."Instruction" ALTER COLUMN "Id" ADD GENERATED BY DEFAULT AS IDENTITY (
    SEQUENCE NAME public."Instructions_Id_seq"
    START WITH 1
    INCREMENT BY 1
    NO MINVALUE
    NO MAXVALUE
    CACHE 1
);


--
-- Name: Recipe; Type: TABLE; Schema: public; Owner: mrc_user
--

CREATE TABLE public."Recipe" (
    "Id" integer NOT NULL,
    "Name" character varying(200) NOT NULL,
    "Author" character varying(100) NOT NULL,
    "CreatedDate" timestamp with time zone NOT NULL
);


ALTER TABLE public."Recipe" OWNER TO mrc_user;

--
-- Name: Recipe_Id_seq; Type: SEQUENCE; Schema: public; Owner: mrc_user
--

ALTER TABLE public."Recipe" ALTER COLUMN "Id" ADD GENERATED BY DEFAULT AS IDENTITY (
    SEQUENCE NAME public."Recipe_Id_seq"
    START WITH 1
    INCREMENT BY 1
    NO MINVALUE
    NO MAXVALUE
    CACHE 1
);


--
-- Data for Name: Ingredient; Type: TABLE DATA; Schema: public; Owner: mrc_user
--

COPY public."Ingredient" ("Id", "Name", "Unit", "Amount") FROM stdin;
1	whole milk	cup	1
2	granulated sugar	cup	0.75
3	salt flakes	pinch	1
4	heavy cream	cup	2
5	vanilla extract	tbsp	1
6	cocoa powder, sifted	cup	0.75
7	granulated sugar	cup	0.5
8	dark brown sugar, measured packed	cup	0.34
9	vanilla extract	teaspoon	1.5
10	unsalted butter, for Buttered Pecans	tablespoons	4
11	pecans, for Buttered Pecans	cup	1
12	salt flakes, for Buttered Pecans	teaspoon	1
13	vanilla extract	tablespoon	1
14	fresh, ripe strawberries, hulled and halved (or quartered, if they are large)	cup	1.5
15	whole milk	cup	0.75
16	granulated sugar	cup	0.66
17	good quality peanut butter (not natural)	cup	1
18	granulated sugar	cup	0.34
19	vanilla extract	teaspoon	1
20	chopped Reeses Peanut Butter Cups (or 15 mini cups)	cup	1
\.


--
-- Data for Name: Instruction; Type: TABLE DATA; Schema: public; Owner: mrc_user
--

COPY public."Instruction" ("Id", "Text", "Order", "RecipeId") FROM stdin;
1	This ice cream can easily be dressed up by adding your favorite chopped candies or sprinkles at the end of churning.	1	1
2	Makes about 4 and 1/2 cups (nine, 1/2-cup servings)	2	1
3	In a medium bowl, use a hand mixer on low speed or whisk to combine the milk, sugar and salt until the sugar is dissolved.	3	1
4	Stir in the heavy cream and vanilla extract.	4	1
5	Cover and refrigerate a minimum of 2 hours, preferably overnight.	5	1
6	Whisk mixture together again before continuing	6	1
7	Put the frozen freezer bowl into your 2 Quart ice cream maker and turn it on. Pour the mixture into the frozen freezer bowl.	7	1
8	Churn for 15 to 20 minutes. The longer you churn the firmer the consistency.	8	1
9	After churning, spoon ice cream into the container, adding mix-ins at each layer as desired.	9	1
10	Put wax paper over the top layer of ice cream to prevent freezer burn. Cover and freeze for a minimum of 2 hours. 	10	1
11	Makes about 5 cups (ten, 1/2-cup servings)	1	2
12	In a medium bowl, whisk together the cocoa powder, sugars, and salt. Add the milk and, using the mixer on low speed or a whisk, beat to combine until the cocoa, sugars and salt are dissolved.	2	2
13	Stir in the heavy cream and vanilla extract. Cover and refrigerate for a minimum of 2 hours, preferably overnight.	3	2
14	Whisk mixture together again before continuing.	4	2
15	Put the frozen freezer bowl into your 2 Quart ice cream maker and turn it on. Pour the mixture into the frozen freezer bowl.	5	2
16	Let the mixture churn for 15 to 20 minutes. The longer you churn the firmer the consistency.	6	2
17	After churning, spoon ice cream into the container, adding mix-ins at each layer as desired.	7	2
18	Put wax paper over the top layer of ice cream to prevent freezer burn. Cover and freeze for a minimum of 2 hours.	8	2
19	The butter used to toast the pecans can be saved and used over pancakes or waffles.	1	3
20	Makes about 5 cups (ten, 1/2-cup servings)	2	3
21	Prepare the Buttered Pecans. Melt the butter in a medium frypan. Add the pecans and 1 teaspoon of salt.	3	3
22	Cook over medium-low heat until the pcans are toasted and golden, stirring frequently, about 6 to 8 minutes.	4	3
23	Remove from the heat, strain and reserve the pecans, allowing them to chill. The butter can be for another use.	5	3
24	Prepare the Ice Cream Base. In a medium bowl, use a mixer on low speed or whisk to bomcine the milk, sugar, and a pinch of salt until the sugar is dissolved.	6	3
25	Stir in the heavy cream and vanilla extract. Cover and refrigerate a minimum of 2 hours, preferably overnight.	7	3
26	Whisk mixture together again before continuing.	8	3
27	Put the frozen freezer bowl into your 2 Quart ice cream maker and turn it on. Pour the milk/cream mixture into the frozen freezer bowl and churn.	9	3
28	Churn for 15 to 20 minutes. The longer you churn the firmer the consistency.	10	3
29	After churning, spoon ice cream into the container, adding pecanss at each layer as desired.	11	3
30	Put wax paper over the top layer of ice cream to prevent freezer burn. Cover and freeze for a minimum of 2 hours.	12	3
31	Best made when strawberries are in peak season, this ice crema is light, sweet, and fluffy.	1	4
32	Makes about 5 cups (ten, 1/2-cup servings).	2	4
33	Put the strawberries into a bowl of a food processor fitted with the chopping blade. Pluse strawverries until rough/fine chopped (depending on prefernence).	3	4
34	In a medium bowl, use a mixer on low speed or whisk to combine the milk, sugar,and salt until the sugar is dissolved. Stir in the heavy cream and vanilla extract.	4	4
35	Stir in the reserved strawverries with all juices. Cover and refrigerate a minimum of 2 hours, preferably overnight.	5	4
36	Whisk mixture together again before continuing.	6	4
37	Put the frozen freezer bowl into your 2 Quart ice cream maker and turn it on. Pour the mixture into the frozen freezer bowl and churn.	7	4
38	Churn for 15 to 20 minutes. The longer you churn the firmer the consistency.	8	4
39	After churning, spoon ice cream into the container, adding strawberries at each layer as desired.	9	4
40	This ice cream freezes more quickly than others, so keep a close eye on it to allow enough time to add decadent peanut butter cups.	1	5
41	Makes about 5 cups (ten, 1/2-cup servings).	2	5
42	In amedium bowl, mix on low speed to combine the peanut butter and sugar until smooth. Add the milk and mix on low speed until the sugar is dissolved.	3	5
43	Stir in the heavy cream and vanilla extract. Cover and refrigerate a minimum of 2 hours, preferably overnight.	4	5
44	Whisk mixture together again before continuing.	5	5
45	Put the frozen freezer bowl into your 2 Quart ice cream maker and turn it on. Pour the mixture into the frozen freezer bowl and churn.	6	5
46	Churn for 8 to 10 minutes. The longer you churn the firmer the consistency.	7	5
47	After churning, spoon ice cream into the container, adding chopped Reeses Peanut Butter Cups (or 15 mini cups) at each layer as desired.	8	5
48	Put wax paper over the top layer of ice cream to prevent freezer burn. Cover and freeze for a minimum of 2 hours.	9	5
\.


--
-- Data for Name: Recipe; Type: TABLE DATA; Schema: public; Owner: mrc_user
--

COPY public."Recipe" ("Id", "Name", "Author", "CreatedDate") FROM stdin;
1	Simple Vanilla Ice Cream	Cuisinart	2024-01-01 00:00:00+00
2	Simple Chocolate Ice Cream	Cuisinart	2024-01-01 00:00:00+00
3	Butter Pecan Ice Cream	Cuisinart	2024-01-01 00:00:00+00
4	Fresh Strawberry Ice Cream	Cuisinart	2024-01-01 00:00:00+00
5	Peanut Butter Cup Ice Cream	Cuisinart	2024-01-01 00:00:00+00
6	S'mores Ice Cream	Cuisinart	2024-01-01 00:00:00+00
7	Banana Walnut Chip Ice Cream	Cuisinart	2024-01-01 00:00:00+00
8	Vanilla Bean Ice Cream	Cuisinart	2024-01-01 00:00:00+00
9	Fresh Mint and Chocolate Cookies Ice Cream	Cuisinart	2024-01-01 00:00:00+00
10	Mexican-Style Chocolate Ice Cream	Cuisinart	2024-01-01 00:00:00+00
11	Salted Caramel Ice Cream	Cuisinart	2024-01-01 00:00:00+00
12	Dark Chocolate Sorbet	Cuisinart	2024-01-01 00:00:00+00
13	Grapefruit and Prosecco Sorbet	Cuisinart	2024-01-01 00:00:00+00
14	Dairy-Free Vanilla Ice Cream	Cuisinart	2024-01-01 00:00:00+00
15	Coconut-Chocolate Ice Cream	Cuisinart	2024-01-01 00:00:00+00
16	Rich Vanilla Frozen Yogurt	Cuisinart	2024-01-01 00:00:00+00
17	Mango Frozen Yogurt	Cuisinart	2024-01-01 00:00:00+00
18	Chocolate-Pretzel Frozen Yogurt	Cuisinart	2024-01-01 00:00:00+00
19	Chocolate-Hazelnut Gelato	Cuisinart	2024-01-01 00:00:00+00
20	Espresso Gelato	Cuisinart	2024-01-01 00:00:00+00
21	Custard Gelato	Cuisinart	2024-01-01 00:00:00+00
\.


--
-- Name: Ingredients_Id_seq; Type: SEQUENCE SET; Schema: public; Owner: mrc_user
--

SELECT pg_catalog.setval('public."Ingredients_Id_seq"', 20, true);


--
-- Name: Instructions_Id_seq; Type: SEQUENCE SET; Schema: public; Owner: mrc_user
--

SELECT pg_catalog.setval('public."Instructions_Id_seq"', 48, true);


--
-- Name: Recipe_Id_seq; Type: SEQUENCE SET; Schema: public; Owner: mrc_user
--

SELECT pg_catalog.setval('public."Recipe_Id_seq"', 21, true);


--
-- Name: Ingredient PK_Ingredients; Type: CONSTRAINT; Schema: public; Owner: mrc_user
--

ALTER TABLE ONLY public."Ingredient"
    ADD CONSTRAINT "PK_Ingredients" PRIMARY KEY ("Id");


--
-- Name: Instruction PK_Instructions; Type: CONSTRAINT; Schema: public; Owner: mrc_user
--

ALTER TABLE ONLY public."Instruction"
    ADD CONSTRAINT "PK_Instructions" PRIMARY KEY ("Id");


--
-- Name: Recipe PK_Recipe; Type: CONSTRAINT; Schema: public; Owner: mrc_user
--

ALTER TABLE ONLY public."Recipe"
    ADD CONSTRAINT "PK_Recipe" PRIMARY KEY ("Id");


--
-- Name: IX_Instructions_RecipeId; Type: INDEX; Schema: public; Owner: mrc_user
--

CREATE INDEX "IX_Instructions_RecipeId" ON public."Instruction" USING btree ("RecipeId");


--
-- Name: Instruction FK_Instructions_Recipe_RecipeId; Type: FK CONSTRAINT; Schema: public; Owner: mrc_user
--

ALTER TABLE ONLY public."Instruction"
    ADD CONSTRAINT "FK_Instructions_Recipe_RecipeId" FOREIGN KEY ("RecipeId") REFERENCES public."Recipe"("Id") ON DELETE CASCADE;


--
-- PostgreSQL database dump complete
--

\unrestrict C2RMxxgIrEweaVppUjxM9huBuuxkGKfUUd3rYiOLq41MWFWuNItEgAcOlp8DMt6

